name,id
"Counterpart Financing, Quarterly",wFfbzCuLhO1
"Field Oversight Visit, Report",yztlseMpDEx
"Finance: Principal Recipient, Quarterly",hhqiQm61ezm
"Finance: Sub Recipient, Quarterly",O7LYGHTAVmT
"HIV, KRCS - Programmes",bQpMWqkXcDB
"HIV, TNT - Programmes",htRBkqwskRf
"Kenya Red Cross Society, HIV, GC7",WFU6M2XN4W4
"Malaria, AMREF - Programmes",tHy55yTBFAu
"Malaria, TNT - Programmes",gqYxVkqLzBp
Pandemic Preparedness Report (C19RM),x5UiUT11987
"Procurement Status, Quarterly",zTBdaPTsYEf
"TB, AMREF - Programmes",YVGVA2Gg0ew
"TB, ECSA - Programmes",EY7JqGbgMLH
"TB, IGAD - Programmes",ks2UFCtFz8s
"TB, TNT - Programmes",TD2zFcKJetG
